{"cameraMode":{"drawMode":0,"name":"Shaded","section":"Shading Mode"},"sceneLighting":true,"audioPlay":false,"sceneViewState":{"m_AlwaysRefresh":false,"showFog":true,"showSkybox":true,"showFlares":true,"showImageEffects":true,"showParticleSystems":true,"showVisualEffectGraphs":true,"m_FxEnabled":true},"in2DMode":false,"pivot":{"x":-6.465076446533203,"y":4.689713954925537,"z":-3.4367408752441408},"rotation":{"x":0.008303581736981869,"y":-0.8197569847106934,"z":0.011051091365516186,"w":0.5732392072677612},"size":14.765117645263672,"orthographic":false}